{"gp":45,"ppg":28.405,"ast":5.96,"reb":7.22,"blk":1.12,"stl":0.79,"fg_pct":0.5275000000000001,"fg3_pct":0.4165,"turnover":3.4400000000000004,"seasons":"2020-2022"}