{"gp":53.75,"ppg":23.834999999999997,"ast":4.205,"reb":10.892499999999998,"blk":1.44,"stl":1.48,"fg_pct":0.46325,"fg3_pct":0.3305,"turnover":3.7525,"seasons":"2015-2019"}