{"gp":70,"ppg":26.4,"ast":5.2725,"reb":7.41,"blk":1.4025,"stl":0.875,"fg_pct":0.51975,"fg3_pct":0.3835,"turnover":2.9050000000000002,"seasons":"2015-2019"}